category,price,name,rating,numofratings
Full,$14.99,"On Ear Headphones with Mic, Vogek Lightweight Portable Fold-Flat Stereo Bass Headphones with 1.5M Tangle Free Cord and Microphone-Black",4.4 out of 5 stars,406
Full,$10.19,Elecder i39 Headphones with Microphone Foldable Lightweight Adjustable On Ear Headsets with 3.5mm Jack for iPad Cellphones Computer MP3/4 Kindle Airplane School Red/Black,4.3 out of 5 stars,464
Full,$8.34,"Panasonic ErgoFit In-Ear Earbud Headphones RP-HJE120-K (Black) Dynamic Crystal Clear Sound, Ergonomic Comfort-Fit",4.1 out of 5 stars,"58,188"
Full,$59.99,"COWIN E7 Active Noise Cancelling Headphones Bluetooth Headphones with Mic Deep Bass Wireless Headphones Over Ear, Comfortable Protein Earpads, 30H Playtime for Travel Work TV PC Cellphone - Black",4.3 out of 5 stars,"11,182"
Full,$34.99,"Mpow 059 Bluetooth Headphones Over Ear, Hi-Fi Stereo Wireless Headset, Foldable, Soft Memory-Protein Earmuffs, w/Built-in Mic Wired Mode PC/Cell Phones/TV",4.4 out of 5 stars,"22,807"
Full,$19.98,AILIHEN C8 Headphones with Microphone and Volume Control Folding Lightweight Headset for Cellphones Tablets Smartphones Laptop Computer PC Mp3/4 (Grey/Mint),4.0 out of 5 stars,"4,570"
Full,$20.98,Apple EarPods with Lightning Connector - White,4.0 out of 5 stars,"1,512"
Full,$15.29,Panasonic Headphones RP-HT161-K Full-Sized Over-the-Ear Lightweight Long-Corded (Black),4.0 out of 5 stars,"5,717"
Full,$32.99,"OneOdio Adapter-Free Closed Back Over-Ear DJ Stereo Monitor Headphones, Professional Studio Monitor & Mixing, Telescopic Arms with Scale, Newest 50mm Neodymium Drivers - Black",4.3 out of 5 stars,"1,806"
Full,$11.99,Elecder i37 Kids Headphones Children Girls Boys Teens Foldable Adjustable On Ear Headphones 3.5mm Jack Compatible iPad Cellphones Computer MP3/4 Kindle Airplane School Tablet Purple/Green,4.5 out of 5 stars,"1,201"
Full,$19.98,"LETSCOM Bluetooth Headphones IPX7 Waterproof, Wireless Sport Earphones Bluetooth 4.1, HiFi Bass Stereo Sweatproof Earbuds w/Mic, Noise Cancelling Headset for Workout, Running, Gym, 8 Hours Play Time",4.3 out of 5 stars,"5,951"
Full,$8.99,"3 Packs Earbud Headphones with Remote & Microphone, SourceTon In Ear Earphone Stereo Sound Noise Isolating Tangle Free for iOS and Android Smartphones, Laptops, Gaming, Fits All 3.5mm Interface Device",3.8 out of 5 stars,412
Full,$0.00,Sony MDRZX110/BLK ZX Series Stereo Headphones (Black),4.0 out of 5 stars,"4,847"
Full,$19.99,"Mpow Flame Bluetooth Headphones Waterproof IPX7, Wireless Earbuds Sport, Richer Bass HiFi Stereo in-Ear Earphones w/Case, 7-9 Hrs Playback, Noise Cancelling Microphone (Comfy & Fast Pairing), Red",4.2 out of 5 stars,"15,311"
Full,$349.00,"Bose QuietComfort 35 II Wireless Bluetooth Headphones, Noise-Cancelling, with Alexa voice control, enabled with Bose AR – Black",4.4 out of 5 stars,"3,034"
Full,$32.99,Picun P26 Bluetooth Headphones Over Ear 40H Playtime Hi-Fi Stereo Wireless Headphones Girl Deep Bass Foldable Wired/Wireless/TF for Phone/TV Bluetooth 5.0 Wireless Earphones with Mic Women (Rose Gold),4.4 out of 5 stars,708
Audio Headphones,$34.99,"Mpow 059 Bluetooth Headphones Over Ear, Hi-Fi Stereo Wireless Headset, Foldable, Soft Memory-Protein Earmuffs, w/Built-in Mic Wired Mode PC/Cell Phones/TV",4.4 out of 5 stars,"22,807"
Audio Headphones,$59.99,"COWIN E7 Active Noise Cancelling Headphones Bluetooth Headphones with Mic Deep Bass Wireless Headphones Over Ear, Comfortable Protein Earpads, 30H Playtime for Travel Work TV PC Cellphone - Black",4.3 out of 5 stars,"11,182"
Audio Headphones,$14.99,"On Ear Headphones with Mic, Vogek Lightweight Portable Fold-Flat Stereo Bass Headphones with 1.5M Tangle Free Cord and Microphone-Black",4.4 out of 5 stars,406
Audio Headphones,$10.19,Elecder i39 Headphones with Microphone Foldable Lightweight Adjustable On Ear Headsets with 3.5mm Jack for iPad Cellphones Computer MP3/4 Kindle Airplane School Red/Black,4.3 out of 5 stars,464
Audio Headphones,$19.98,AILIHEN C8 Headphones with Microphone and Volume Control Folding Lightweight Headset for Cellphones Tablets Smartphones Laptop Computer PC Mp3/4 (Grey/Mint),4.0 out of 5 stars,"4,570"
Audio Headphones,$32.99,"OneOdio Adapter-Free Closed Back Over-Ear DJ Stereo Monitor Headphones, Professional Studio Monitor & Mixing, Telescopic Arms with Scale, Newest 50mm Neodymium Drivers - Black",4.3 out of 5 stars,"1,806"
Audio Headphones,$15.29,Panasonic Headphones RP-HT161-K Full-Sized Over-the-Ear Lightweight Long-Corded (Black),4.0 out of 5 stars,"5,717"
Audio Headphones,$8.34,"Panasonic ErgoFit In-Ear Earbud Headphones RP-HJE120-K (Black) Dynamic Crystal Clear Sound, Ergonomic Comfort-Fit",4.1 out of 5 stars,"58,188"
Audio Headphones,$89.99,COWIN E7 PRO [Upgraded] Active Noise Cancelling Headphones Bluetooth Headphones with Microphone/Deep Bass Wireless Headphones Over Ear 30H Playtime for Travel/Work/TV/Computer/Cellphone - Black,4.3 out of 5 stars,"3,680"
Audio Headphones,$19.98,"LETSCOM Bluetooth Headphones IPX7 Waterproof, Wireless Sport Earphones Bluetooth 4.1, HiFi Bass Stereo Sweatproof Earbuds w/Mic, Noise Cancelling Headset for Workout, Running, Gym, 8 Hours Play Time",4.3 out of 5 stars,"5,953"
Audio Headphones,$14.97,"Bluetooth Headphones, Wireless Headphones Bluetooth 5.0 Earbuds Deep Bass Stereo Sound, Auto Paring Technology Support Binaural Call with CVC Noise Cancelling, Waterproof with Charging Case,iy5",5.0 out of 5 stars,15
Audio Headphones,$8.99,"3 Packs Earbud Headphones with Remote & Microphone, SourceTon In Ear Earphone Stereo Sound Noise Isolating Tangle Free for iOS and Android Smartphones, Laptops, Gaming, Fits All 3.5mm Interface Device",3.8 out of 5 stars,412
Audio Headphones,$9.88,"VOWSVOWS Headphones/Earphones/Earbuds, 3.5mm aux Wired Headphones Noise Isolating Earphones Built-in Microphone & Volume Control Compatible iPhone iPod iPad Samsung/Android / MP3 MP4 (2PACK)(White-W)",5.0 out of 5 stars,166
Audio Headphones,$14.97,"Headphones with Microphone Wired On Ear Stereo Bass Headphone for Computer, Tablet Ipad Cell Phones MP3 School, Comfortable Lightweight Folding Adjustable fit Tangle Free 1.5m Cord with 3.5mm Jack",4.6 out of 5 stars,255
Audio Headphones,$49.99,TOZO T10 Bluetooth 5.0 Wireless Earbuds with 【Wireless Charging Case】 IPX8 Waterproof TWS Stereo Headphones in-Ear Built-in Mic Headset Premium Sound with Deep Bass for Sport,4.3 out of 5 stars,"5,529"
Audio Headphones,$349.00,"Bose QuietComfort 35 II Wireless Bluetooth Headphones, Noise-Cancelling, with Alexa voice control, enabled with Bose AR – Black",4.4 out of 5 stars,"3,034"
Audio Headphones,$0.00,Sony MDRZX110/BLK ZX Series Stereo Headphones (Black),4.0 out of 5 stars,"4,847"
Audio Headphones,$11.99,Elecder i37 Kids Headphones Children Girls Boys Teens Foldable Adjustable On Ear Headphones 3.5mm Jack Compatible iPad Cellphones Computer MP3/4 Kindle Airplane School Tablet Purple/Green,4.5 out of 5 stars,"1,201"
Audio Headphones,$32.99,Fedciory Bluetooth Headphones- Wireless in-Ear Headphones Fedciory-F627-Running Headphones for Women Men-Sport Bluetooth Earphones-Best Sport Wireless Earbuds,5.0 out of 5 stars,227
Audio Headphones,$59.95,"Active Noise Cancelling Headphones, Boltune Bluetooth 5.0 Over Ear Wireless Headphones with Mic Deep Bass, Comfortable Protein Earpads 30H Playtime for Travel Work TV PC Cellphone",4.5 out of 5 stars,592
Audio Headphones,$32.99,Picun P26 Bluetooth Headphones Over Ear 40H Playtime Hi-Fi Stereo Wireless Headphones Girl Deep Bass Foldable Wired/Wireless/TF for Phone/TV Bluetooth 5.0 Wireless Earphones with Mic Women (Rose Gold),4.4 out of 5 stars,708
Audio Headphones,$19.99,"Mpow Flame Bluetooth Headphones Waterproof IPX7, Wireless Earbuds Sport, Richer Bass HiFi Stereo in-Ear Earphones w/Case, 7-9 Hrs Playback, Noise Cancelling Microphone (Comfy & Fast Pairing), Red",4.2 out of 5 stars,"15,311"
Audio Headphones,$9.99,Kids Headphones - noot products K11 Foldable Stereo Tangle-Free 3.5mm Jack Wired Cord On-Ear Headset for Children/Teens/Boys/Girls/Smartphones/School/Kindle/Airplane Travel/Plane/Tablet (Navy/Teal),4.2 out of 5 stars,"1,858"
Audio Headphones,$20.98,Apple EarPods with Lightning Connector - White,4.0 out of 5 stars,"1,512"
Over-Ear Headphones,$34.99,"Mpow 059 Bluetooth Headphones Over Ear, Hi-Fi Stereo Wireless Headset, Foldable, Soft Memory-Protein Earmuffs, w/Built-in Mic Wired Mode PC/Cell Phones/TV",4.4 out of 5 stars,"22,914"
Over-Ear Headphones,$41.99,"COWIN E7 Active Noise Cancelling Headphones Bluetooth Headphones with Mic Deep Bass Wireless Headphones Over Ear, Comfortable Protein Earpads, 30H Playtime for Travel Work TV PC Cellphone - Black",4.3 out of 5 stars,"11,293"
Over-Ear Headphones,$19.98,AILIHEN C8 Headphones with Microphone and Volume Control Folding Lightweight Headset for Cellphones Tablets Smartphones Laptop Computer PC Mp3/4 (Grey/Mint),4.0 out of 5 stars,"4,591"
Over-Ear Headphones,$14.99,Elecder i39 Headphones with Microphone Foldable Lightweight Adjustable On Ear Headsets with 3.5mm Jack for iPad Cellphones Computer MP3/4 Kindle Airplane School (Mint/Gray),4.3 out of 5 stars,470
Over-Ear Headphones,$32.99,"OneOdio Adapter-Free Closed Back Over-Ear DJ Stereo Monitor Headphones, Professional Studio Monitor & Mixing, Telescopic Arms with Scale, Newest 50mm Neodymium Drivers - Black",4.3 out of 5 stars,"1,834"
Over-Ear Headphones,$349.00,"Bose QuietComfort 35 II Wireless Bluetooth Headphones, Noise-Cancelling, with Alexa voice control, enabled with Bose AR – Black",4.4 out of 5 stars,"3,072"
Over-Ear Headphones,$32.99,Picun P26 Bluetooth Headphones Over Ear 40H Playtime Hi-Fi Stereo Wireless Headphones Girl Deep Bass Foldable Wired/Wireless/TF for Phone/TV Bluetooth 5.0 Wireless Earphones with Mic Women (Rose Gold),4.4 out of 5 stars,724
Over-Ear Headphones,$59.99,"Active Noise Cancelling Headphones, Boltune Bluetooth 5.0 Over Ear Wireless Headphones with Mic Deep Bass, Comfortable Protein Earpads 30H Playtime for Travel Work TV PC Cellphone",4.5 out of 5 stars,605
Over-Ear Headphones,$0.00,Sony MDRZX110/BLK ZX Series Stereo Headphones (Black),4.0 out of 5 stars,"4,855"
Over-Ear Headphones,$69.99,"Active Noise Cancelling Headphones,Utaxo Bluetooth Headphones Over Ear with Mic Hi-Fi Sound Deep Bass Foldable Wireless Headset,Quick Charge 30H Playtime for Cellphone PC TV Travel",4.5 out of 5 stars,559
Over-Ear Headphones,$16.99,iJoy Matte Finish Premium Rechargeable Wireless Headphones Bluetooth Over Ear Headphones Foldable Headset with Mic (Stealth),4.0 out of 5 stars,"6,414"
Over-Ear Headphones,$177.50,"Bose QuietComfort 25 Acoustic Noise Cancelling Headphones for Apple devices - Black (wired, 3.5mm)",4.1 out of 5 stars,"4,305"
Over-Ear Headphones,$69.99,"TaoTronics Active Noise Cancelling Headphones [2019 Upgrade] Bluetooth Headphones SoundSurge 60 Over Ear Headphones  Sound Deep Bass, Quick Charge, 30 Hours Playtime for Travel Work TV PC Cellphone",4.3 out of 5 stars,"1,386"
Over-Ear Headphones,$0.00,Sony MDR7506 Professional Large Diaphragm Headphone,4.6 out of 5 stars,"5,120"
Over-Ear Headphones,$159.00,"Bose SoundLink around-ear wireless headphones II, Black",4.3 out of 5 stars,"2,061"
Over-Ear Headphones,$89.99,Sony WH-CH700N Wireless Bluetooth Noise Canceling Over the Ear Headphones with Alexa Voice Control – Black,4.0 out of 5 stars,571
Over-Ear Headphones,$0.00,Sony MDRZX110NC Noise Cancelling Headphones,3.8 out of 5 stars,"1,833"
Over-Ear Headphones,$23.99,"Mpow H7 Bluetooth Headphones Over Ear, 18 Hrs Comfortable Wireless Headphones w/Bag, Rechargeable HiFi Stereo Headset, CVC6.0 Headphones with Microphone for Cellphone Tablet(Black)",4.4 out of 5 stars,"1,238"
Over-Ear Headphones,$25.99,"Bluetooth Headphones Wireless,MKay Over Ear Headset V5.0 with Microphone, Foldable & Lightweight, Support Tf Card MP3 Mode and Fm Radio for Cellphones Laptop TV-Rose Gold",4.5 out of 5 stars,879
Over-Ear Headphones,$298.00,Sony Noise Cancelling Headphones WH1000XM3: Wireless Bluetooth Over the Ear Headphones with Mic and Alexa voice control - Industry Leading Active Noise Cancellation - Black,4.3 out of 5 stars,"1,508"
Over-Ear Headphones,$12.99,JVC Black Flat and Foldable Colorful Flats On Ear Headphone with 3.94 foot Gold Plated Phone Slim Plug HAS160B,4.3 out of 5 stars,"2,525"
Over-Ear Headphones,$11.99,"RockPapa On Ear Stereo Headphones Earphones for Adults Kids Childs Teens, Adjustable, Heavy Deep Bass for iPhone iPod iPad MacBook Surface MP3 DVD Smartphones Laptop (Black/Green)",4.1 out of 5 stars,629
Over-Ear Headphones,$13.99,"AUSDOM Over-Ear Headphones, Stereo Lightweight Adjustable Wired Headset with Mic, Noise Isolating Comfortable Leather Earphones, Hi-Fi Deep Bass for iPhone iPod iPad Macbook MP3 Cellphones Laptop-Blue",3.9 out of 5 stars,"2,196"
Over-Ear Headphones,$27.87,"FX-Viktaria Over Ear Headphones, Headset with Microphone, Foldable and Lightweight, Support TF Card, USB Charging Headset, MP3 Mode and FM Radio for Cellphones, Laptop-Carbon Black",4.9 out of 5 stars,221
On-Ear Headphones,$14.99,"On Ear Headphones with Mic, Vogek Lightweight Portable Fold-Flat Stereo Bass Headphones with 1.5M Tangle Free Cord and Microphone-Black",4.3 out of 5 stars,416
On-Ear Headphones,$11.98,AILIHEN C8 Headphones with Microphone and Volume Control Folding Lightweight Headset for Cellphones Tablets Smartphones Laptop Computer PC Mp3/4 (Grey/Mint),4.0 out of 5 stars,"4,595"
On-Ear Headphones,$14.99,Elecder i39 Headphones with Microphone Foldable Lightweight Adjustable On Ear Headsets with 3.5mm Jack for iPad Cellphones Computer MP3/4 Kindle Airplane School (Mint/Gray),4.3 out of 5 stars,474
On-Ear Headphones,$13.59,Panasonic Headphones RP-HT161-K Full-Sized Over-the-Ear Lightweight Long-Corded (Black),4.0 out of 5 stars,"5,728"
On-Ear Headphones,$0.00,Sony MDRZX110/BLK ZX Series Stereo Headphones (Black),4.0 out of 5 stars,"4,856"
On-Ear Headphones,$11.99,Kids Headphones - noot products K11 Foldable Stereo Tangle-Free 3.5mm Jack Wired Cord On-Ear Headset for Children/Teens/Boys/Girls/Smartphones/School/Kindle/Airplane Travel/Plane/Tablet (Navy/Teal),4.2 out of 5 stars,"1,880"
On-Ear Headphones,$14.97,"Headphones with Microphone Wired On Ear Stereo Bass Headphone for Computer, Tablet Ipad Cell Phones MP3 School, Comfortable Lightweight Folding Adjustable fit Tangle Free 1.5m Cord with 3.5mm Jack",4.6 out of 5 stars,269
On-Ear Headphones,$12.99,"iClever Kids Headphones - Wired Headphones for Kids, Adjustable Headband, Stereo Sound, Foldable, Untangled Wires, 3.5mm Aux Jack, 94dB Volume Limited - Childrens Headphones on Ear, Blue",4.4 out of 5 stars,463
On-Ear Headphones,$11.99,Elecder i37 Kids Headphones Children Girls Boys Teens Foldable Adjustable On Ear Headphones 3.5mm Jack Compatible iPad Cellphones Computer MP3/4 Kindle Airplane School Tablet Purple/Green,4.5 out of 5 stars,"1,234"
On-Ear Headphones,$6.99,Roberts Fojjers Special Foldable Over the Head Stereo Dj Headphone 3.5 Mm for Pc Tablet Music Video & All Other Music Players.. (Purple),2.1 out of 5 stars,385
On-Ear Headphones,$19.98,"AILIHEN MS300 Wired Headphones, Stereo Foldable Headset for iOS Android Smartphone Laptop Tablet PC Computer (Rose Gold)",4.3 out of 5 stars,417
On-Ear Headphones,$5.25,"Koss KPH7 Lightweight Portable Headphone, Black",3.6 out of 5 stars,"1,649"
On-Ear Headphones,$13.99,JVC HAS160R Flat Headphones - Red,4.3 out of 5 stars,"2,529"
On-Ear Headphones,$13.97,"On Ear Headphones with Microphone Lightweight Headset for Computer Tablet Ipad Smartphone Comfortable Foldable Adjustable fit, with Swival Cups, Stereo bass with Tangle Free 1.5m Cord with 3.5mm Jack",4.5 out of 5 stars,147
On-Ear Headphones,$31.98,"Riwbox Bluetooth Headphones, Riwbox CT-7 Cat Ear LED Light Up Wireless Foldable Headphones Over Ear with Microphone and Volume Control for iPhone/iPad/Smartphones/Laptop/PC/TV (Pink&Green)",4.7 out of 5 stars,357
On-Ear Headphones,$78.00,"Sony WH-XB700 Wireless Extra Bass Bluetooth Headphones, Black",4.5 out of 5 stars,53
On-Ear Headphones,$8.99,"On Ear Headphones with Mic, Jelly Comb Foldable Corded Headphones Wired Headsets with Microphone, Volume Control for Cell Phone, Tablet, PC, Laptop, MP3/4, Video Game (Green & Purple)",3.7 out of 5 stars,"1,083"
On-Ear Headphones,$10.40,"Egghead Stereo School Headphone with Leatherette Ear Cushion, Black, EGG-IAG-1008-SO",4.0 out of 5 stars,154
On-Ear Headphones,$19.99,"LETSCOM Bluetooth Headphones IPX7 Waterproof, Wireless Sport Earphones Bluetooth 4.1, HiFi Bass Stereo Sweatproof Earbuds w/Mic, Noise Cancelling Headset for Workout, Running, Gym, 8 Hours Play Time",4.3 out of 5 stars,"6,401"
On-Ear Headphones,$70.01,Beats EP On-Ear Headphones - Red,3.9 out of 5 stars,756
On-Ear Headphones,$12.99,"iClever Kids Headphones Girls - Cat-Inspired Wired On-Ear Headphones for Kids, 85dB Volume Limiting, Food Grade Silicone, Lightweight, 3.5mm Jack - Comfortable Children Headphones for Kids, Pink",4.4 out of 5 stars,377
On-Ear Headphones,$12.99,"On Ear Headphones, Jelly Comb Foldable 3.5mm Wired Headphones for Cell Phone, Tablet, PC, Laptop - Black",4.4 out of 5 stars,78
On-Ear Headphones,$44.95,"Bluetooth 5.0 Wireless Headphones - 6D Sound Effect - Up to 28 Hours Per Charge, High-End Premium Deep Bass, IPX8 Waterproof Sport in-Ear Earphones - Neckband for Running and Workouts w/ Built-In Mic",4.6 out of 5 stars,106
On-Ear Headphones,$38.00,"Sony Noise Cancelling Headphones, Deco Gear Hard Case & 1 Year Extended Warranty",4.1 out of 5 stars,28
Earbud & In-Ear Headphones,$0.00,"Wireless Earbuds,Otium Soar True Bluetooth Headphones Wireless Earphones Bluetooth 5.0 Auto Pairing HiFi Stereo Sound Sweat Proof Headset with Stylish Charging Case",4.7 out of 5 stars,83
Earbud & In-Ear Headphones,$19.98,"LETSCOM Bluetooth Headphones IPX7 Waterproof, Wireless Sport Earphones Bluetooth 4.1, HiFi Bass Stereo Sweatproof Earbuds w/Mic, Noise Cancelling Headset for Workout, Running, Gym, 8 Hours Play Time",4.3 out of 5 stars,"6,503"
Earbud & In-Ear Headphones,$19.99,"Mpow Flame Bluetooth Headphones Waterproof IPX7, Wireless Earbuds Sport, Richer Bass HiFi Stereo in-Ear Earphones w/Case, 7-9 Hrs Playback, Noise Cancelling Microphone (Comfy & Fast Pairing), Red",4.2 out of 5 stars,"15,473"
Earbud & In-Ear Headphones,$8.50,"Panasonic ErgoFit In-Ear Earbud Headphones RP-HJE120-K (Black) Dynamic Crystal Clear Sound, Ergonomic Comfort-Fit",4.1 out of 5 stars,"58,282"
Earbud & In-Ear Headphones,$8.99,"3 Packs Earbud Headphones with Remote & Microphone, SourceTon In Ear Earphone Stereo Sound Noise Isolating Tangle Free for iOS and Android Smartphones, Laptops, Gaming, Fits All 3.5mm Interface Device",3.9 out of 5 stars,428
Earbud & In-Ear Headphones,$49.99,TOZO T10 Bluetooth 5.0 Wireless Earbuds with 【Wireless Charging Case】 IPX8 Waterproof TWS Stereo Headphones in-Ear Built-in Mic Headset Premium Sound with Deep Bass for Sport,4.3 out of 5 stars,"5,944"
Earbud & In-Ear Headphones,$9.99,"Earphones/Earbuds/Headphones, Premium in-Ear Wired Earphones with Remote & Mic Compatible Apple iPhone 6s/plus/6/5s/se/5c/iPad/Samsung/MP3 MP4 MP5,tk2",5.0 out of 5 stars,14
Earbud & In-Ear Headphones,$19.95,"Bluetooth Headphones, Letsfit Wireless Headphones, IPX7 Waterproof Sports Earphones Gym Running, HD Stereo Headset w/Mic, 8 Hours Battery Noise Cancelling Bluetooth Earbuds",4.4 out of 5 stars,"2,099"
Earbud & In-Ear Headphones,$20.98,Apple EarPods with Lightning Connector - White,4.0 out of 5 stars,"1,574"
Earbud & In-Ear Headphones,$199.00,"Bose SoundSport Free Truly Wireless Sport Headphones - Limited Edition, Ultraviolet with Midnight Blue (Amazon Exclusive)",3.7 out of 5 stars,"2,767"
Earbud & In-Ear Headphones,$5.98,"Earphones/Earbuds/Headphones, Premium in-Ear Wired Earphones with Remote & Mic Compatible Apple iPhone 6s/plus/6/5s/se/5c/iPad/Samsung/MP3 MP4 MP5, cxs1",5.0 out of 5 stars,12
Earbud & In-Ear Headphones,$9.99,[2 Pack] Headphones with Microphone in-Ear Earbuds Noise Isolation Headsets Heavy Bass Earphones Compatible Phone Pod Pad Samsung Galaxy S7 S8 and Android Phones - White,4.5 out of 5 stars,208
Earbud & In-Ear Headphones,$35.99,"SoundPEATS True Wireless Earbuds 5.0 Bluetooth Headphones in-Ear Stereo Wireless Earphones with Mic, One-Step Pairing, Total 35 Hours, Binaural/Monaural Calls, Upgraded TrueFree Plus",4.5 out of 5 stars,232
Earbud & In-Ear Headphones,$17.97,"Bluetooth Headphones, Wireless Earbuds for Running, Noise Cancelling Headsets for Workout, Sports Earphones Bluetooth 5.0 with Mic, Best Beats Waterproof Cordless Sports Ear Buds for Gym Jogging",4.0 out of 5 stars,"32,269"
Earbud & In-Ear Headphones,$49.99,"Bluetooth 5.0 Wireless Headphones, ENACFIRE Future Plus Wireless Earbuds 104 Cycle Playing Time IPX7 Waterproof Deep Bass Bluetooth Headphones with 2600mAh Charging Case",4.6 out of 5 stars,868
Earbud & In-Ear Headphones,$18.99,"Otium Bluetooth Headphones, Best Wireless Earbuds IPX7 Waterproof Sports Earphones w/Mic HD Stereo Sweatproof in-Ear Earbuds Gym Running Workout 8 Hour Battery Noise Cancelling Headsets",3.9 out of 5 stars,"11,996"
Earbud & In-Ear Headphones,$23.99,Bluetooth Headphones Wireless Earbuds Earphones in-Ear for Sport Bluetooth 5.0 Earphones Stereo Sound Noise Cancelling 2 Built-in Mic Earphones-bai73,4.8 out of 5 stars,16
Earbud & In-Ear Headphones,$19.98,"Bluetooth Headphones, LETSCOM Wireless Earbuds IPX7 Waterproof Noise Cancelling Headsets, Richer Bass & HiFi Stereo Sports Earphones 8 Hours Playtime Running Headphones with Travel Case",4.3 out of 5 stars,"2,090"
Earbud & In-Ear Headphones,$12.99,Wireless Earphones Cordless Sport Wireless Headphones Bluetooth Earbuds Sweatproof Hands-Free Wireless Earbuds Built in Mic Bluetooth Earbuds for Runing Sporting Driving,4.8 out of 5 stars,147
Earbud & In-Ear Headphones,$11.99,"RockPapa On Ear Stereo Headphones Earphones for Adults Kids Childs Teens, Adjustable, Heavy Deep Bass for iPhone iPod iPad MacBook Surface MP3 DVD Smartphones Laptop (Black/Green)",4.1 out of 5 stars,629
Earbud & In-Ear Headphones,$28.99,"Wireless Headphones, Boltune Bluetooth 5.0 IPX7 Waterproof 16 Hours Playtime Bluetooth Headphones, with Magnetic Connection, Sports Earphones for Running Built-in Mic",4.3 out of 5 stars,524
Earbud & In-Ear Headphones,$12.99,"Earbuds/Earphones/Headphones, Premium in-Ear Wired Earphones with Remote & Mic Compatible with All 3.5MM Audio Devices MP3 MP4 MP5 [2 Pack]",1.0 out of 5 stars,1
Earbud & In-Ear Headphones,$19.99,"Otium Wireless Headphones, Bluetooth Headphones, Best Sports Earbuds, IPX7 Waterproof Stereo Earphones for Gym Running 9 Hours Playtime Noise Cancelling Headsets",4.3 out of 5 stars,"2,813"
Earbud & In-Ear Headphones,$23.98,"Bluetooth Headphones, Bluetooth 5.0 Headphones TWS in-Ear Noise Canceling Earphones,Wireless Headphones with Portable Charging Case and Built-in Mic, IPX7 Waterproof Headset for Gym Running Riding",5.0 out of 5 stars,31
Headphone Earpads,$12.89,"Replacement Earpads for Sony MDR-RF970R 960R RF925R RF860F RF985R, Headphones Ear Pads Cushion Headset Ear Cover with Memory Form",4.7 out of 5 stars,204
Headphone Earpads,$12.98,"Headphone Ear Pads Replacement Cushion for Bose QC25 Quiet Comfort 25, QC15,QC35,AE2,AE2I Earpad (Grey)",4.4 out of 5 stars,207
Headphone Earpads,$13.50,"Brainwavz Earpads for Sony MDR 7506, V6, CD900ST, Memory Foam Ear Pad & Suitable for Other On Ear Headphones, Turquoise",4.8 out of 5 stars,108
Headphone Earpads,$5.99,Two Pairs of 80mm Foam Earpads fits Infrared Wireless Headphones in GM Ford Toyota Nissan Honda Automobile Entertainment DVD Player Systems,4.5 out of 5 stars,86
Headphone Earpads,$19.95,Wicked Cushions Bose Headphones Replacement Ear Pads - Compatible With QuietComfort 15 / QC15 / QC25 / QC2 / QC35 / Ae2 / Ae2i / Ae2w / SoundTrue & SoundLink ( Over-ear ONLY) | Black,4.8 out of 5 stars,"1,829"
Headphone Earpads,$6.99,"Sunmns 2 Inch Foam Pad EarPad Ear Cover for Sony Sennheiser Philips Headphone, 5 Pairs, Black",4.5 out of 5 stars,187
Headphone Earpads,$10.45,"Geekria Flex Fabric Headphone Earpad Covers/Stretchable and Washable Sanitary Earcup Protectors. Fits 3""-4"" Over-Ear Headset Ear Cushions/Good for Gym, Training (Black, 2 Pairs)",4.4 out of 5 stars,223
Headphone Earpads,$26.18,Stretchable Headphone Covers/Disposable Sanitary Earcup Earpad Covers Fits Medium/Large-Sized Headset 200 pcs (100 Pairs) White,4.8 out of 5 stars,6
Headphone Earpads,$9.89,"Headphone Earpads Replacement Foam Ear Pads Memory Foam Cushion Cover for Beats Studio 2.0 Wired/Wireless B0500 / B0501 & Beats Studio 3.0 (2 Pieces, Black)",5.0 out of 5 stars,4
Headphone Earpads,$8.99,"DDup Headphones Replacement Earpads,Ear Pads for Bose QuietComfort 25/QuietComfort 15/QC2/QC35 Noise Cancelling Headphones,Ae2,Ae2i,Ae2W Replacement Ear Cusion(Large for QC25/2/15,AE2,AE2I,AE2W,Black)",4.5 out of 5 stars,61
Headphone Earpads,$34.99,"Bose Quiet Comfort 25 Headphones Ear Cushion Kit, Black",4.6 out of 5 stars,319
Headphone Earpads,$12.65,Bingle Super Stretch Headphone Covers Sweat Absorption and Washable Germproof Deodorizing Ear Cover for Most 8~11cm Around Ear Headphones (Large-Black),4.1 out of 5 stars,176
Headphone Earpads,$14.99,Upgraded Replacement Ear Pads for Sony MDR-RF985R RF985R RF985RK RF985 Headphones,4.1 out of 5 stars,35
Headphone Earpads,$13.88,"Aleicx Stretchable Fabric Headphone Covers/Washable Sanitary Ear pad,Earcup Earpad Covers Fit Most On Ear Headphones 8-11cm(3.14"" - 4.33"") Earpads (3 Pairs Black)",4.5 out of 5 stars,16
Headphone Earpads,$12.99,Replacement Ear Pads Earpads for Bose QuietComfort QC 2 15 25 35 Ear Cushion for QC2 QC15 QC25 QC35 SoundLink SoundTrue Around-Ear II AE2 (Black),4.4 out of 5 stars,442
Headphone Earpads,$32.89,"   SONY Genuine Replacement Ear Pads cushions for SONY MDR-RF985R, RF985RK, RF865R, RF865RK Headphones - 1 pair (2 pieces)",4.0 out of 5 stars,7
Electronic Equipment Warranties,$15.99,ASURION 2 Year Portable Electronic Accident Protection Plan with Tech Support $100-124.99,3.2 out of 5 stars,4
Electronic Equipment Warranties,$43.07,SquareTrade 3-Year Portable Electronics Accident Protection Plan ($350-400),3.7 out of 5 stars,8
Electronic Equipment Warranties,$40.98,SquareTrade 3-Year Portable Electronics Accident Protection Plan ($300-350),3.3 out of 5 stars,10
Electronic Equipment Warranties,$36.67,SquareTrade 3-Year Portable Electronics Accident Protection Plan ($200-250),3.6 out of 5 stars,18
Electronic Equipment Warranties,$5.70,ASURION 3 Year Home Audio & Video Protection Plan ($200 - $249.99),3.7 out of 5 stars,32
Electronic Equipment Warranties,$29.90,SquareTrade 3-Year Portable Electronics Accident Protection Plan ($175-200),4.0 out of 5 stars,7
Electronic Equipment Warranties,$38.84,SquareTrade 3-Year Portable Electronics Accident Protection Plan ($250-300),3.4 out of 5 stars,13
Electronic Equipment Warranties,$21.43,SquareTrade 3-Year Portable Electronics Accident Protection Plan ($150-175),2.9 out of 5 stars,3
Electronic Equipment Warranties,$18.35,SquareTrade 3-Year Portable Electronics Accident Protection Plan ($125-150),3.7 out of 5 stars,11
Electronic Equipment Warranties,$45.12,SquareTrade 3-Year Portable Electronics Accident Protection Plan ($400-450),3.7 out of 5 stars,5
Electronic Equipment Warranties,$1.63,ASURION 3 Year Home Audio & Video Protection Plan ($0 - $49.99),3.7 out of 5 stars,381
Electronic Equipment Warranties,$18.16,SquareTrade 3-Year Portable Electronics Accident Protection Plan ($100-125),4.4 out of 5 stars,11
Electronic Equipment Warranties,$9.01,ASURION 4 Year Home Audio & Video Protection Plan ($125 - $149.99),4.2 out of 5 stars,71
Electronic Equipment Warranties,$1.55,ASURION 2 Year Home Audio & Video Protection Plan ($75 - $99.99),3.8 out of 5 stars,83
Electronic Equipment Warranties,$5.86,ASURION 4 Year Home Audio & Video Protection Plan ($75 - $99.99),4.1 out of 5 stars,160
Electronic Equipment Warranties,$3.11,ASURION 2 Year Home Audio & Video Protection Plan ($175 - $199.99),3.7 out of 5 stars,16
Electronic Equipment Warranties,$7.70,ASURION 4 Year Home Audio & Video Protection Plan ($175 - $199.99),3.8 out of 5 stars,42
Electronic Equipment Warranties,$1.16,ASURION 2 Year Home Audio & Video Protection Plan ($50 - $74.99),3.8 out of 5 stars,49
Electronic Equipment Warranties,$35.73,SquareTrade 2-Year Consumer Electronics Accidental Protection Plan ($125-149.99),3.9 out of 5 stars,42
Electronic Equipment Warranties,$2.27,ASURION 4 Year Home Audio & Video Protection Plan ($0 - $49.99),3.9 out of 5 stars,375
Electronic Equipment Warranties,$9.48,ASURION 3 Year Home Audio & Video Protection Plan ($175 - $199.99),3.6 out of 5 stars,24
Electronic Equipment Warranties,$66.54,SquareTrade 3-Year Consumer Electronics Accidental Protection Plan ($250-299.99),2.9 out of 5 stars,54
Electronic Equipment Warranties,$2.12,ASURION 3 Year Home Audio & Video Protection Plan ($50 - $74.99),4.0 out of 5 stars,135
